Product Name,Product Description,Price,Release Date,Volume/Size,Country of Origin,Brand Name,Brand Description,Full Ingredient List,New Feature Promotion,Marketing Materials,Packaging Information,Web URL
◆ ランコム (LANCOM) ジェニフィック アルティメ セラム 100ml 美容液 セラム キメ つや 保湿 トーンアップ ハリ 弾力 ブライトニング エイジング スキンケア 導入美容液【並行輸入品】imr- isp5 OSOS ◆,【平日12時までのご注文で当日発送】美容液 セラム キメ つや 保湿 トーンアップ ハリ 弾力 ブライトニング エイジング スキンケア 国内未発売サイズ,"12,988 円",,100ml,,ランコム,,,,【並行輸入品】,,https://item.rakuten.co.jp/b-plus-0713/im-0019/?variantId=im-0019
ランコム LANCOME タンイドルウルトラウェアリキッドN 30ml リキッドファンデーション 選べるカラー,・SPF48/PA++ ・人気の「ウルトラファンデ」がリニューアル ・より薄く肌に密着し、美しい肌を演出 ・メイクオフした後の肌まで美しく整えます ・セミマットで自然なツヤ感を演出します ・紫外線や大気汚染などの外的要因から肌を守ります ・皮脂や汗に強く、美しい仕上がりを長時間持続させます,"6,200 円〜",,30ml,,LANCOME,,,,選べるカラー,,https://item.rakuten.co.jp/blanc-lapin/lanhl0000082/
【お得な10個セット】LANCOME ランコム ジェニフィック アルティメ セラム ミニ サイズ 7ml 10個セット 美容液 美肌 プレゼント 誕生日 ギフト対応 ラッピング 女性 ご褒美 贈り物 メッセージカード らんこむ,,"9,700 円",,7ml,,LANCOME,,,,【お得な10個セット】,,https://item.rakuten.co.jp/cosme-premium/3614272623583-10/?variantId=3614272623583
★ポイント10倍＆割引クーポン★LANCOME ランコム UV エクスペール n 50ml 各種【送料無料】ギフト 誕生日 プレゼント 15時までの決済確認で即日発送！,,"6,532 円〜",,50ml,,LANCOME,,,,★ポイント10倍＆割引クーポン★【送料無料】ギフト 誕生日 プレゼント 15時までの決済確認で即日発送！,,https://item.rakuten.co.jp/cosme-venus/4992944851267/
ランコム レネルジ HCF トリプルセラム 50ml Lancome 39ショップ サンキュ コスメデネット,,,,50ml,,Lancome,,,,39ショップ,,https://item.rakuten.co.jp/cosmedenet-dx/3101981/?variantId=3101981
●ポイント10倍＆割引クーポン●LANCOME ランコム ビファシル 200ml【送料無料】 ギフト 誕生日 プレゼント 15時までの決済確認で即日発送！,,"5,770 円〜",,200ml,,LANCOME,,,●ポイント10倍＆割引クーポン●,ギフト 誕生日 プレゼント 15時までの決済確認で即日発送！,,https://item.rakuten.co.jp/cosmediva/3605532321370/
●ポイント10倍＆割引クーポン●LANCOME ランコム ジェニフィック アルティメ セラム 115ml / アドバンスト N 100ml【宅配便送料無料】 (623507)ギフト 誕生日 プレゼント 15時までの決済確認で即日発送！,,"16,650 円〜",,115ml / 100ml,,LANCOME,,,●ポイント10倍＆割引クーポン●,ギフト 誕生日 プレゼント 15時までの決済確認で即日発送！,,https://item.rakuten.co.jp/cosmediva/3605532978871/
●ポイント10倍＆割引クーポン●LANCOME ランコム UV エクスペール n 50ml 各種【送料無料】 ギフト 誕生日 プレゼント 15時までの決済確認で即日発送！,,"6,532 円〜",,50ml,,LANCOME,,,●ポイント10倍＆割引クーポン●,ギフト 誕生日 プレゼント 15時までの決済確認で即日発送！,,https://item.rakuten.co.jp/cosmediva/3614270391590/
【500円OFFクーポン★24日19:59まで！】ランコム ジェニフィック アドバンスト N 50mL 美容液 LANCOME 夏ギフト,化粧水の前の素肌に使う美容液です。 柔らかく洗練されたキメ細やかな若々しい肌へと導きます。 みずみずしく透明なテクスチャーです。 更新日：2020年9月24日18時頃 更新内容：商品リニューアルに伴うパッケージ、名称の変更 ※商品の配送状況などにより、外箱の潰れや容器の凹み、汚れなど外観に傷みのある商品も含まれますが、商品自体に問題はございませんので、ご安心ください。 ※生産国の違いやリニューアルなどに伴い掲載画像と異なる商品の場合がございます。 ※入荷時のロットによりましては、外箱のある商品と無い商品がございますがご指定はおうけいたしておりません。ご了承ください。 ※予告なく原産国表記が変更となる場合があり、商品説明等と異なることがございます。 ●上記理由での返品・交換はお受けできません。あらかじめご了承ください。 ■POINT 朝・晩、洗顔後すぐ、適量（3～4滴）をとり、顔全体から首もとにかけてなじませます。,"15,480 円",,50mL,フランス,LANCOME,,,【500円OFFクーポン★24日19:59まで！】,夏ギフト,,https://item.rakuten.co.jp/cosmeland/251945/?variantId=251945
【4H限定★先着クーポン 24日20時～】 ランコム LANCOME レネルジー HPN クリーム 選べるサイズ・タイプ 【本体:50ml・75ml ・レフィル:50ml】,,"10,760 円",,50ml・75ml ・レフィル:50ml,,LANCOME,,,【4H限定★先着クーポン 24日20時～】,,,https://item.rakuten.co.jp/cosmelink/0185923941/?variantId=3614273926836
ランコム LANCOME ガラテコンフォート 400ml 【国内未発売サイズ】【国内未発売容量】【メイク落とし】,,"6,240",,400ml,,LANCOME,,,4H限定★先着クーポン 24日20時～,【国内未発売サイズ】 【国内未発売容量】 【メイク落とし】,,https://item.rakuten.co.jp/cosmelink/3147758030211/?variantId=3147758030211
ランコム LANCOME トニックドゥスール 400ml 【国内未発売】,,"5,720",,400ml,,LANCOME,,,4H限定★先着クーポン 24日20時～,【国内未発売】,,https://item.rakuten.co.jp/cosmelink/3147758030235/?variantId=3147758030235
【リニューアル最新版】 ランコム LANCOME トニックコンフォート N 選べるサイズ 【125ml・200ml・400ml】 【スキンケア 化粧水 ローション 乾燥 敏感肌用】,,"5,460",,125ml・200ml・400ml,,LANCOME,,,4H限定★先着クーポン 24日20時～,【リニューアル最新版】 【スキンケア 化粧水 ローション 乾燥 敏感肌用】,,https://item.rakuten.co.jp/cosmelink/3147758030297/?variantId=3614274145250
ランコム LANCOME ビファシル 200ml 【国内未発売サイズ】 【スキンケア メイクアップリムーバー】 【メイク落とし】,,"5,780",,200ml,,LANCOME,,,4H限定★先着クーポン 24日20時～,【国内未発売サイズ】 【スキンケア メイクアップリムーバー】 【メイク落とし】,,https://item.rakuten.co.jp/cosmelink/3605532321370/?variantId=3605532321370
ランコム LANCOME アプソリュ インテンシブエッセンス 30ml,,"38,480",,30ml,,LANCOME,,,4H限定★先着クーポン 24日20時～,,,https://item.rakuten.co.jp/cosmelink/3614273346498/?variantId=3614273346498
【4H限定★先着クーポン 24日20時～】 ランコム LANCOME UV エクスペール BB n 50ml,,"7,140円",,50ml,,LANCOME,,,【4H限定★先着クーポン 24日20時～】,,,https://item.rakuten.co.jp/cosmelink/4935421668958/?variantId=4935421668958
【4H限定★先着クーポン 24日20時～】 ●訳あり 外箱不良● ランコム LANCOME シィル ブースター トリプルケア 【outlet】 【マスカラベース マスカラ下地】 【メール便(ゆうパケット)対応】,,"4,740円",,,,LANCOME,,,【4H限定★先着クーポン 24日20時～】,●訳あり 外箱不良●,,https://item.rakuten.co.jp/cosmelink/b3614272161832/?variantId=b3614272161832
【4H限定★先着クーポン 24日20時～】 ランコム LANCOME タンイドル ウルトラ ウェア リキッド N 選べるカラー 【B-01・PO-01・PO-03・P-01】 SPF48・PA++ 【ベースメイク セミマット】 【デパコス ギフト プレゼント】,,"5,720円〜",,,,LANCOME,,,【4H限定★先着クーポン 24日20時～】,【ベースメイク セミマット】 【デパコス ギフト プレゼント】,,https://item.rakuten.co.jp/cosmelink/c0714379083/
"【レビューで1,000円クーポン】【選べるサイズ】ランコム LANCOME ジェニフィック アルティメ セラム 100ml/115ml[美容液]：【ヤマト便k】 コスメ 美容 美白対策 夏 秋 再入荷08",,"1,350円〜",,100ml/115ml,,LANCOME,,,"【レビューで1,000円クーポン】",コスメ 美容 美白対策 夏 秋 再入荷08,,https://item.rakuten.co.jp/cosmeparfaite/3614274142334/
【マラソン企画！8/24 20時～8/25はP5倍！】 ランコム アプソリュ UV SPF50/PA++++ 50ml【限定】 【LANCOME】【W_80】,,"11,792円",,50ml,,LANCOME,,,【マラソン企画！8/24 20時～8/25はP5倍！】,【限定】,,https://item.rakuten.co.jp/cosmerecipe/10032456/?variantId=10032456
【ふるさと納税】ランコム UV エクスペール トーン アップ ローズ N 30mL ｜ロレアル 化粧下地 化粧品 ベース ベースメイク 毛穴 紫外線 日焼け止め下地 トーンアップ つや肌 スキンケア LANCOME,,"26,000 円",,30mL,,LANCOME,,,,つや肌 スキンケア,,https://item.rakuten.co.jp/f222151-gotemba/6987-30047893/?variantId=6987-30072717
【ふるさと納税】シュウ ウエムラ アルティム８∞ スブリム ビューティ クレンジング オイルn 150ml ｜ ロレアル クレンジング クレンジングオイル スキンケア メイク落とし 化粧品 フェイシャルトリートメント 椿オイル LANCOME,,"21,000 円",,150ml,,LANCOME,,,,メイク落とし 化粧品 フェイシャルトリートメント 椿オイル,,https://item.rakuten.co.jp/f222151-gotemba/6987-30055106/?variantId=6987-30072719
【ふるさと納税】ランコム クラリフィック ブライトニング セラム 30mL ｜ ロレアル 美容液 美容オイル スキンケア 化粧品 毛穴ケア シミ対策 くすみ 透明感 LANCOME,,"59,000 円",,30mL,,LANCOME,,,,毛穴ケア シミ対策 くすみ 透明感,,https://item.rakuten.co.jp/f222151-gotemba/6987-30056636/?variantId=6987-30072718
【10％OFFクーポン利用で14850円★23日迄】LANCOME ランコム ジェニフィック アルティメ セラム 100ml 並行輸入品 スキンケア 保湿 美容液 バリア機能 キメ つや 輝き ハリ 弾力 なめらかさ 弾力 美肌成分 ブライトニング エイジング フランス製 コスメ 化粧品 [R] (T),,"16,500 円",,100ml,フランス製,LANCOME,,,10％OFFクーポン利用で14850円★23日迄,スキンケア 保湿 美容液 バリア機能 キメ つや 輝き ハリ 弾力 なめらかさ 弾力 美肌成分 ブライトニング エイジング コスメ 化粧品,並行輸入品,https://item.rakuten.co.jp/grinfactory/a-019/?variantId=A-022
【公式】タンイドル ウルトラ ウェア リキッド N / ファンデーション / ランコム lancome 正規品 カバー力 スキンケア ウルトラファンデ SPF48 PA++ UV シミ隠し 毛穴 メイク 薄膜密着 プレゼント 誕生日 彼女 母 化粧品 コスメ メイク デパコス ギフト 高級,,"7,920 円",,,,LANCOME,,,,カバー力 スキンケア ウルトラファンデ UV シミ隠し 毛穴 メイク 薄膜密着 プレゼント 誕生日 彼女 母 化粧品 コスメ メイク デパコス ギフト 高級,正規品,https://item.rakuten.co.jp/lancome/a00961-lac/
【公式】タンイドル ウルトラ ウェア ルース パウダー / ファンデーション / ランコム lancome 正規品 軽やか プレゼント 誕生日 バレンタイン 彼女 母 化粧品 コスメ メイク デパコス ギフト 高級,,"7,700 円",,,,ランコム,,,,軽やか プレゼント 誕生日 バレンタイン 彼女 母 化粧品 コスメ メイク デパコス ギフト 高級,,https://item.rakuten.co.jp/lancome/a01046-lac/?variantId=a01046-lac
【公式】UV エクスペール / 30ml / 50ml / SPF50+ PA++++ /トーン アップ ローズ /ブライト / BB n / 化粧下地 / 日やけ止め / カラー / UVカット / ランコム lancome 正規品 プレゼント 誕生日 化粧品 コスメ デパコス ギフト ベースメイク 毛穴 くすみ,,"7,700 円〜",,30ml / 50ml,,ランコム,,,,正規品 プレゼント 誕生日 化粧品 コスメ デパコス ギフト ベースメイク 毛穴 くすみ,,https://item.rakuten.co.jp/lancome/a01668-lac/
【公式】クラリフィック デュアル エッセンス ローション EX / 150ml / 250ml / 化粧水 / ランコム lancome 正規品 プレゼント 誕生日 バレンタイン 彼女 母 化粧品 コスメ メイク デパコス ギフト 高級 酵素 毛穴 保湿 角質,,"14,190 円〜",,150ml / 250ml,,ランコム,,,,正規品 プレゼント 誕生日 バレンタイン 彼女 母 化粧品 コスメ メイク デパコス ギフト 高級 酵素 毛穴 保湿 角質,,https://item.rakuten.co.jp/lancome/a01819-lac/
【公式】クラリフィック バランシング ウォータリーエマルジョン / 乳液 / ランコム lancome 正規品 ハリ感 酵素 透明肌 プレゼント 誕生日 バレンタイン 彼女 母 化粧品 コスメ メイク デパコス ギフト 高級,,"15,070 円",,,,ランコム,,,,正規品 ハリ感 酵素 透明肌 プレゼント 誕生日 バレンタイン 彼女 母 化粧品 コスメ メイク デパコス ギフト 高級,,https://item.rakuten.co.jp/lancome/a01822-lac/?variantId=a01822-lac
【公式】クラリフィック プランプ ミルキークリーム ｎ / クリーム / ランコム lancome 正規品 プレゼント 誕生日 バレンタイン 彼女 母 化粧品 コスメ メイク デパコス ギフト 高級,,"15,070 円",,,,ランコム,,,,正規品 プレゼント 誕生日 バレンタイン 彼女 母 化粧品 コスメ メイク デパコス ギフト 高級,,https://item.rakuten.co.jp/lancome/a01823-lac/?variantId=a01823-lac
【公式】ジェニフィック アルティメ アイクリーム / 20ml / アイケア / ランコム lancome 正規品 美肌菌 目もとケア アイケア プレゼント 誕生日 彼女 母 化粧品 コスメ メイク デパコス ギフト 高級,【公式】ジェニフィック アルティメ アイクリーム / 20ml / アイケア / ランコム lancome 正規品 美肌菌 目もとケア アイケア プレゼント 誕生日 彼女 母 化粧品 コスメ メイク デパコス ギフト 高級,"11,000 円",,20ml,,ランコム,,,,美肌菌 目もとケア アイケア プレゼント 誕生日 彼女 母 化粧品 コスメ メイク デパコス ギフト 高級,,https://item.rakuten.co.jp/lancome/a02278-lac/?variantId=3614274308464
【公式】 ジェニフィック アドバンスト バイオセルロース マスク / 美容液 / ランコム lancome 正規品 シートマスク 顔パックうるおい ツヤ ハリ 毛穴 たるみ プレゼント 誕生日 彼女 母 化粧品 コスメ メイク デパコス ギフト 高級 母の日,【公式】 ジェニフィック アドバンスト バイオセルロース マスク / 美容液 / ランコム lancome 正規品 シートマスク 顔パックうるおい ツヤ ハリ 毛穴 たるみ プレゼント 誕生日 彼女 母 化粧品 コスメ メイク デパコス ギフト 高級 母の日,"2,530 円〜",,,,ランコム,,,,美容液 / 正規品 シートマスク 顔パックうるおい ツヤ ハリ 毛穴 たるみ プレゼント 誕生日 彼女 母 化粧品 コスメ メイク デパコス ギフト 高級 母の日,,https://item.rakuten.co.jp/lancome/a02281-lac/
【公式】レネルジー HCF トリプルセラム / 美容液 / 50mL / ランコム lancome 正規品 ハリ 透明感 弾力 エイジングケア プレゼント 誕生日 バレンタイン 彼女 母 化粧品 コスメ メイク デパコス ギフト 高級 クリスマス,【公式】レネルジー HCF トリプルセラム / 美容液 / 50mL / ランコム lancome 正規品 ハリ 透明感 弾力 エイジングケア プレゼント 誕生日 バレンタイン 彼女 母 化粧品 コスメ メイク デパコス ギフト 高級 クリスマス,"25,960 円",,50mL,,ランコム,,,,正規品 ハリ 透明感 弾力 エイジングケア プレゼント 誕生日 バレンタイン 彼女 母 化粧品 コスメ メイク デパコス ギフト 高級 クリスマス,,https://item.rakuten.co.jp/lancome/a02288-lac/?variantId=3614273571258
【公式】タンイドル ウルトラ ウェア スキンフィット メッシュクッション / ファンデーション / クッションファンデ / ランコム lancome 正規品 ウルトラファンデ SPF40 PA++ プレゼント 誕生日 バレンタイン 彼女 母 化粧品 コスメ メイク デパコス ギフト 高級,【公式】タンイドル ウルトラ ウェア スキンフィット メッシュクッション / ファンデーション / クッションファンデ / ランコム lancome 正規品 ウルトラファンデ SPF40 PA++ プレゼント 誕生日 バレンタイン 彼女 母 化粧品 コスメ メイク デパコス ギフト 高級,"9,130 円",,,,ランコム,,,,正規品 ウルトラファンデ SPF40 PA++ プレゼント 誕生日 バレンタイン 彼女 母 化粧品 コスメ メイク デパコス ギフト 高級,,https://item.rakuten.co.jp/lancome/a02291-lac/
【公式】ジェニフィック アドバンスト ライトパール / 美容液 / ランコム lancome 正規品 美肌菌 目もと用美容液 プレゼント 誕生日 バレンタイン 彼女 母 化粧品 コスメ メイク デパコス ギフト 高級,【公式】ジェニフィック アドバンスト ライトパール / 美容液 / ランコム lancome 正規品 美肌菌 目もと用美容液 プレゼント 誕生日 バレンタイン 彼女 母 化粧品 コスメ メイク デパコス ギフト 高級,"13,200 円",,,,ランコム,,,,正規品 美肌菌 目もと用美容液 プレゼント 誕生日 バレンタイン 彼女 母 化粧品 コスメ メイク デパコス ギフト 高級,,https://item.rakuten.co.jp/lancome/a02294-lac/?variantId=a02294-lac
【公式】イドル オー ドゥ パルファン / 25ml / フレグランス / 香水 / ランコム lancome 正規品 フレッシュフローラル ローズ ジャスミン シプレーアコード プレゼント 誕生日 バレンタイン 彼女 母 化粧品 コスメ メイク デパコス ギフト 高級,,"10,230",,25ml,,ランコム,,,,フレッシュフローラル ローズ ジャスミン シプレーアコード プレゼント 誕生日 バレンタイン 彼女 母 化粧品 コスメ メイク デパコス ギフト 高級,,https://item.rakuten.co.jp/lancome/a02300-lac/?variantId=a02300-lac
【公式】クラリフィック ブライトニング セラム / 50ml / 美容液 / 医薬部外品 / ランコム lancome 正規品 美白 シミ しみ くすみ 保湿 PHA ナイアシンアミド ピーリング 角質 プレゼント 誕生日 彼女 母 化粧品 コスメ デパコス ギフト 高級,,"24,530",,50ml,,ランコム,,,美白 シミ しみ くすみ 保湿 PHA ナイアシンアミド ピーリング 角質,プレゼント 誕生日 彼女 母 化粧品 コスメ デパコス ギフト 高級,,https://item.rakuten.co.jp/lancome/a02304-lac-2/?variantId=4935421786515
【公式】クラリフィック ブライトニング セラム / 30ml / 美容液 / 医薬部外品 / ランコム lancome 正規品 美白 美白美容液 シミ しみ くすみ 保湿 PHA ナイアシンアミド ピーリング 角質 プレゼント 誕生日 彼女 母 化粧品 コスメ デパコス ギフト 高級,,"17,600",,30ml,,ランコム,,,美白 美白美容液 シミ しみ くすみ 保湿 PHA ナイアシンアミド ピーリング 角質,プレゼント 誕生日 彼女 母 化粧品 コスメ デパコス ギフト 高級,,https://item.rakuten.co.jp/lancome/a02304-lac/?variantId=4935421786508
【公式】ジェニフィック アルティメ セラム / 50ml 30ml レフィル / 公式 / 美容液 / ランコム lancome 正規品 美肌菌 導入美容液 先行美容液 エイジングケア 保湿 回復力 うるおい ツヤ ハリ 毛穴 日本処方 プレゼント 彼女 化粧品 コスメ デパコス,,"12,430",,50ml 30ml,,ランコム,,,美肌菌 導入美容液 先行美容液 エイジングケア 保湿 回復力 うるおい ツヤ ハリ 毛穴 日本処方,プレゼント 彼女 化粧品 コスメ デパコス,レフィル,https://item.rakuten.co.jp/lancome/jp-lan-000329/
【公式】レネルジー HPN クリーム / クリーム / 50mL / ランコム lancome 正規品 ゆるみ たるみ ハリ 弾力感 エイジングケア ペプチド ヒアルロン酸 ネックケア 首ケア プレゼント 誕生日彼女 母 化粧品 コスメ メイク デパコス ギフト 高級,,"18,040",,50mL,,ランコム,,,ゆるみ たるみ ハリ 弾力感 エイジングケア ペプチド ヒアルロン酸 ネックケア 首ケア,プレゼント 誕生日彼女 母 化粧品 コスメ メイク デパコス ギフト 高級,,https://item.rakuten.co.jp/lancome/jp-lan-r00010/
【公式】タンイドル ウルトラ ウェア ケア アンド グロウ / ファンデーション / ランコム lancome 正規品 リキッドファンデーション ツヤ 保湿 ウルトラファンデ プレゼント 誕生日 バレンタイン 彼女 母 化粧品 コスメ メイク デパコス ギフト 高級 クリスマス,,"7,920 円",,,,ランコム,,,,ツヤ 保湿 ウルトラファンデ プレゼント 誕生日 バレンタイン 彼女 母 化粧品 コスメ メイク デパコス ギフト 高級 クリスマス,,https://item.rakuten.co.jp/lancome/jp-lan-r00032/
【お買い物マラソン最大47倍】ランコム ビファシル 125ml 【ポイントメイクアップリムーバー】【SBT】 LANCOME (6000341),すべてのポイントメイクをすばやく、きれいに落とせる弱酸性の2層式ポイントメイクアップリムーバー。油性と水溶性の2つの層が同時に働きかけて、敏感な目のまわりもやさしい感触でメイクを落とします。,"3,110 円",,125ml,,ランコム,,,,【お買い物マラソン最大47倍】,,https://item.rakuten.co.jp/osharecafe/10001159/?variantId=10001159
【お買い物マラソン最大47倍】ランコム ジェニフィックアルティメセラム 115ml【美容液】LANCOME 限定【宅配便送料無料】 (6059758),回復科学から誕生した、新・ジェニフィック アルティメ。集中ケアを続けたような、強く美しい肌へ。,"18,090 円",,115ml,,ランコム,,,限定【宅配便送料無料】,【お買い物マラソン最大47倍】,,https://item.rakuten.co.jp/osharecafe/10016185/?variantId=10016185
ランコム ジェニフィック アドバンスト N 100ml【メール便は使えません】,,"15,400 円",,100ml,,ランコム,,,,【メール便は使えません】,,https://item.rakuten.co.jp/pureco/prc-s-8398833507/?variantId=prc-s-8398833507
送料無料 ランコム トニック コンフォート N 400ml | LANCOME 化粧水,肌の渇きを潤す、濃密保湿化粧水がリニューアル！,"6,012 円",,400ml,,ランコム,,,送料無料,,,https://item.rakuten.co.jp/treasurebeauty/12813195/?variantId=12813195
